zipCode,zipCount
77030,1534
10065,872
2215,684
63110,663
19104,545
2115,508
2114,476
37203,463
55905,460
98109,459
60637,436
48109,424
30322,420
46202,417
80045,404
90095,403
78229,396
43210,396
60611,395
48201,392
91010,377
33612,375
27710,359
94305,358
90033,350
44195,350
20892,341
37232,329
44106,321
10032,300
96813,292
27599,290
80218,285
92093,282
53226,280
67214,275
15232,275
29605,274
21287,274
8035,273
60612,271
75390,267
94115,267
97239,262
14263,250
73104,246
27157,245
98405,239
49503,236
19111,234
7601,231
10029,231
53792,227
10016,214
19107,213
29425,210
84112,210
75246,209
40202,204
55455,202
19713,199
14642,198
85259,197
48106,197
33136,194
92868,194
61615,193
6520,189
3756,187
94143,184
52242,182
10021,179
48202,176
50309,173
98104,172
35294,172
21201,171
17033,170
62526,170
21231,170
63141,166
20007,165
10467,164
90048,163
55416,162
95817,161
76104,156
22908,154
10461,153
59101,152
99508,151
96817,149
49007,148
58122,148
32806,147
97213,145
38105,143
72205,142
85258,141
23298,141
94805,141
45242,139
55805,137
67208,137
20010,136
54301,133
55109,133
15213,132
68198,131
60153,131
40536,130
85724,129
32224,128
90027,127
28204,126
65804,126
28041,126
94304,126
89169,125
11725,124
66160,124
98101,123
28050,122
61401,120
13210,120
8036,119
11042,117
70809,116
61354,115
61350,115
61801,114
92123,114
20133,114
50314,114
35233,114
70112,114
80220,113
68114,113
89148,112
37404,111
43623,111
30342,110
68510,109
46601,109
39216,109
8903,109
40138,108
50010,107
90404,107
59405,107
43215,107
43015,107
68130,106
58501,106
62702,104
87106,104
54303,103
29303,103
28034,103
43214,103
61761,102
94589,102
69120,102
98195,102
51101,101
80131,101
95661,101
45229,101
70121,100
54449,100
50325,100
89106,100
27534,100
22031,99
32610,99
59901,99
61554,99
38120,99
60201,98
63703,97
55407,96
45267,96
48912,96
28040,95
20141,95
31059,95
16132,95
48236,95
33916,95
75702,94
26506,94
65807,94
41013,94
80124,94
32803,93
95403,93
10604,93
80012,93
98122,93
94609,92
79106,92
28203,92
49085,92
67401,91
48073,91
96701,91
60426,90
28007,90
21204,89
30912,89
69373,88
75230,88
65401,87
11794,87
27103,87
51104,87
32207,87
17822,86
10591,86
64111,85
29615,85
75231,85
80501,84
61530,84
72076,84
46010,84
98105,83
53188,83
1307,83
97227,83
54476,83
30060,82
8003,82
48503,82
43055,82
46545,81
80907,81
48601,81
55404,81
48162,81
6105,81
49201,80
89081,80
23502,80
61455,80
91505,80
43219,80
48341,80
59802,80
33705,80
61520,80
43616,80
61265,79
61701,79
6510,79
62321,79
64108,79
94611,78
2903,78
59715,78
48093,78
15224,78
31405,78
99336,78
83706,78
44718,77
48060,77
48154,77
33021,77
54143,76
31008,76
8916,76
55101,76
59037,76
55435,76
89052,76
54601,75
55102,75
29414,75
55432,75
57105,75
46260,74
44805,74
7962,74
98902,74
89128,74
55125,74
61356,74
93720,74
44124,73
2111,72
55131,72
45429,72
80138,72
33140,71
66205,71
62781,71
72703,71
8043,71
50266,71
98684,71
7920,71
44035,70
53066,70
11040,70
20817,70
69495,70
29010,70
61637,70
57104,70
55433,69
28046,69
2118,69
19096,69
80113,69
80228,69
53081,69
94040,69
66044,69
60714,69
33076,68
89109,68
32804,68
45840,68
43130,68
20132,68
97225,68
67801,68
57117,68
67156,68
10126,68
55422,68
52403,67
67152,67
55415,67
66720,67
43537,67
67357,66
81675,66
54701,66
67068,66
67901,66
67114,66
95816,66
67124,66
30625,66
1805,65
49102,65
60068,65
92835,65
45409,65
50009,65
21215,65
29601,64
55082,64
94080,64
62401,64
64804,64
49221,64
67301,64
1655,64
6351,64
8901,64
54481,63
98310,63
55379,63
45415,63
66701,63
67042,63
56201,63
64132,63
55337,63
45373,63
37007,63
19718,62
93454,62
55387,62
68124,62
20246,62
46237,62
10003,62
38138,61
4074,61
94010,61
46514,61
44122,61
28222,61
95051,61
74136,61
61603,60
28801,60
12208,60
63131,60
59107,60
45005,60
45331,60
46360,60
35128,60
92354,60
77024,60
54494,60
75475,59
74146,59
60076,59
48502,59
30607,59
43560,59
45122,59
65109,58
168,58
68122,58
47014,58
95825,58
27403,58
54401,58
19958,58
45420,58
20889,57
15212,57
55350,57
75235,57
98201,56
46526,56
87131,56
96826,56
8103,55
85013,55
45406,55
43701,55
97080,55
80210,55
2905,55
27100,55
8907,55
49001,55
50937,55
98801,55
29307,55
94538,55
30308,54
92037,54
45601,54
31404,54
59601,54
45219,54
33308,54
20089,54
48124,54
5505,54
11570,54
44304,54
54311,54
43081,54
44109,54
6050,54
18711,54
32256,53
81377,53
80539,53
89074,53
85719,53
85704,53
60590,53
21237,53
44060,53
13273,53
54501,53
45750,52
68106,52
98370,52
15006,52
47374,52
49017,52
61443,52
43222,52
33701,52
94596,52
44870,52
19611,52
95119,52
64239,52
43606,52
70006,51
16801,51
29672,51
53215,51
99218,51
84106,51
97015,51
84403,51
3080,51
49684,51
44111,51
19001,51
5401,50
71103,50
62864,50
20162,50
18201,50
54868,50
30501,50
28791,50
45505,50
83712,50
80033,50
27705,50
99204,50
96819,50
43050,50
18015,49
34232,49
10043,49
43608,49
54235,49
85016,49
21205,49
46009,49
98112,49
44093,49
61462,49
49100,49
57701,49
80301,49
43228,49
56073,48
87102,48
80631,48
91120,48
23507,48
32504,48
27607,48
56303,48
99202,48
56601,48
29650,48
13385,48
91054,48
6102,48
43614,48
50316,48
59102,48
29621,48
94904,47
63109,47
76022,47
76508,47
45042,47
59701,47
40207,47
29572,47
45147,47
30033,47
80524,47
48334,47
78217,47
96766,47
10002,47
28033,46
33486,46
13353,46
60521,46
43205,46
11000,46
90806,46
6106,46
47905,46
49444,45
90403,45
54548,45
97701,45
83854,45
82801,45
54221,45
23230,45
97477,45
81004,45
48532,45
24105,45
10595,45
98372,44
90603,44
68131,44
94704,44
90024,44
48149,44
98225,44
83642,44
7960,43
97210,43
21921,43
68167,43
95823,43
161,43
52722,43
25030,43
45662,43
77555,43
4401,42
12206,42
11501,42
33081,42
15706,42
37916,42
90035,42
72401,42
45236,41
28501,41
49677,41
46026,41
37920,41
81301,41
33604,41
80122,41
52621,41
53705,41
71913,41
82414,41
33805,40
90025,40
6100,40
8208,40
29210,40
43617,40
62644,40
92120,40
34295,40
41100,40
54511,39
11030,39
48075,39
19010,39
94063,39
98166,39
80528,39
35805,39
41017,39
10700,39
44307,39
89144,39
97062,39
45220,39
20850,39
82609,38
79410,38
28546,38
91006,38
50134,38
99208,38
65613,38
35033,38
62801,38
66209,38
3722,38
68506,38
19140,38
33075,38
83301,38
78731,38
5405,38
60555,38
45405,38
64506,38
10000,38
31096,38
99216,37
54154,37
44145,37
10400,37
19301,37
76038,37
10019,37
60035,37
14076,37
28374,37
66210,37
25304,36
93309,36
55454,36
90110,36
64086,36
19803,36
44710,36
1199,36
64131,36
22401,36
85715,36
61704,36
36608,36
66213,36
4103,36
79031,36
46845,36
20016,36
29640,36
85224,36
89502,36
98274,36
10330,36
28006,35
64068,35
94903,35
1246,35
44883,35
64128,35
60504,35
60540,35
93105,35
61614,35
33901,35
46391,35
67460,35
59020,35
66208,35
80401,35
85338,35
43567,35
33401,35
45804,35
98029,34
30341,34
90610,34
62703,34
33028,34
31904,34
49801,34
39008,34
56126,34
54017,34
92108,34
14004,34
4330,34
78234,34
33100,34
45385,34
6360,34
91030,34
98003,34
66606,34
94531,34
33324,34
43402,34
60435,34
68803,34
83814,34
20900,34
27203,34
94801,34
20057,34
17325,34
28328,34
94158,33
86021,33
8041,33
2906,33
64118,33
6120,33
21229,33
95688,33
97401,33
95210,33
61070,33
8060,33
27834,33
22927,33
55426,32
19106,32
13057,32
46563,32
92801,32
19103,32
46107,32
40503,32
35100,32
24014,32
65616,32
94301,32
48098,32
28677,32
34298,32
144,32
46515,32
30318,32
53211,32
28401,32
37909,32
18840,32
98221,31
30309,31
27514,31
90211,31
8025,31
45433,31
46904,31
66421,31
25123,31
27320,31
94118,31
97045,31
34952,31
38043,31
45714,31
62902,31
78705,31
63003,31
80120,31
3106,31
92024,31
53100,31
98026,31
37212,31
54729,31
40705,31
97132,31
95355,31
94546,31
53227,31
38320,31
14784,31
98499,31
92103,30
80205,30
46628,30
6902,30
84157,30
31201,30
84132,30
5100,30
33908,30
46350,30
13125,30
15009,30
28100,30
66112,30
63127,30
10117,30
37403,30
54904,30
48910,30
60126,30
96734,30
84113,29
64154,29
64507,29
90277,29
70124,29
80304,29
98133,29
33316,29
60005,29
65212,29
28025,29
70300,29
20122,29
98004,29
21401,29
98415,29
6189,29
36604,29
7018,29
73120,29
63080,29
40701,29
53149,29
33176,29
7902,29
94577,29
53105,29
98664,29
26100,28
59807,28
17405,28
93053,28
33606,28
44281,28
37660,28
22601,28
99362,28
40447,28
19801,28
78503,28
46219,28
33331,28
11203,28
85234,28
44691,28
83092,28
54241,28
94523,28
63628,28
68847,28
63104,27
45459,27
17604,27
54409,27
53051,27
98700,27
80204,27
46014,27
75251,27
87109,27
64064,27
17901,27
99701,27
49120,27
29406,27
63670,27
45014,27
92708,27
19973,27
19971,27
70433,27
49307,27
11527,27
60453,27
34471,27
24501,27
45230,27
48439,27
60614,26
17837,26
8908,26
52074,26
2214,26
12801,26
62226,26
25198,26
18017,26
81008,26
65201,26
33442,26
44130,26
92270,26
91105,26
37620,26
98531,26
60901,26
13915,26
18103,26
27104,26
70115,26
32608,26
28078,26
35249,26
31701,26
29607,26
49933,26
77380,25
75010,25
85710,25
61832,25
42003,25
87042,25
88301,25
77026,25
10011,25
95602,25
45211,25
95616,25
17044,25
94520,25
44203,25
80260,25
80211,25
21079,25
7039,25
7112,25
27893,25
29403,25
17522,25
33006,25
94945,25
20037,25
72000,25
61938,25
6030,25
4412,25
14620,25
11733,25
29401,25
10060,25
6856,25
33607,25
90706,25
69126,25
152,24
40245,24
92618,24
85054,24
12200,24
189,24
92879,24
92505,24
59100,24
64116,24
88011,24
80909,24
21202,24
21044,24
67091,24
56401,24
93401,24
3301,24
43100,24
50129,24
50036,24
21701,24
75201,24
50158,24
63017,24
80336,24
44131,24
80111,23
41701,23
53233,23
95356,23
60048,23
23666,23
46032,23
28207,23
90813,23
22408,23
75651,23
44308,23
21801,23
30265,23
44136,23
49431,23
29609,23
87401,23
23226,23
98034,23
56100,23
28792,23
40225,23
33426,23
37044,23
71110,23
98503,23
80224,23
46321,23
95065,23
86336,23
63011,23
59801,23
76100,22
41124,22
85925,22
71013,22
22042,22
89102,22
83619,22
3102,22
93030,22
80222,22
33905,22
39202,22
44708,22
2130,22
83686,22
80229,22
84770,22
18009,22
8876,22
90089,22
17331,22
60451,22
76177,22
72015,22
46544,22
58201,22
89113,22
13326,22
19004,22
94806,22
82131,22
11528,22
94545,22
92069,22
23462,22
24127,22
50401,22
29203,22
3115,22
98632,21
33180,21
92335,21
39120,21
35042,21
42100,21
46804,21
41014,21
63376,21
50924,21
5602,21
75701,21
14080,21
98686,21
17007,21
72758,21
45801,21
45202,21
38801,21
83864,21
69008,21
45069,21
12601,21
15090,21
11217,21
38119,21
92807,21
31000,21
77598,21
28054,21
97504,21
20014,21
52100,21
98107,21
67601,21
8360,20
7103,20
77479,20
25701,20
84101,20
98001,20
84103,20
1605,20
64057,20
91402,20
44280,20
45136,20
76712,20
80110,20
96859,20
60560,20
37067,20
78701,20
6202,20
60099,20
51503,20
75090,20
70118,20
90034,20
23538,20
60640,20
7753,20
80026,20
91367,20
7740,20
75015,20
91706,20
32827,20
53038,20
39581,20
1854,20
33305,20
89503,20
21218,20
73100,20
95124,20
37421,20
38671,20
20910,20
19380,20
77090,20
72202,20
83100,20
3010,20
51092,20
50501,20
78759,20
56537,20
6810,20
98002,20
44202,20
87110,20
40509,20
15215,20
41009,20
84604,19
48123,19
53024,19
7198,19
6457,19
89121,19
30150,19
60134,19
7871,19
27262,19
81925,19
75571,19
27518,19
927,19
14033,19
95901,19
29,19
90073,19
89119,19
94800,19
4856,19
61362,19
45247,19
3246,19
26121,19
68046,19
14000,19
93940,19
40004,19
67530,19
90710,19
80303,19
66502,19
21502,19
58103,19
33435,19
68000,19
94608,19
28009,19
89149,19
52803,19
26500,19
23601,19
10469,19
6708,19
10017,19
27216,19
112,19
29651,19
81501,19
66762,19
40215,19
50702,18
35043,18
78052,18
23007,18
97030,18
10408,18
92262,18
60488,18
75908,18
94553,18
31052,18
47904,18
15237,18
85712,18
93449,18
29464,18
40005,18
98506,18
21000,18
73505,18
2860,18
7652,18
75601,18
19141,18
10048,18
8724,18
76210,18
4102,18
54307,18
15601,18
60141,18
6519,18
65802,18
48105,18
58701,18
90242,18
37204,18
83501,18
45404,18
10940,18
95687,18
88000,18
98273,18
45255,17
84143,17
19464,17
53209,17
93009,17
66061,17
78723,17
29646,17
20230,17
97420,17
98431,17
62301,17
85032,17
93636,17
53406,17
6500,17
98284,17
60305,17
95682,17
20052,17
71130,17
37208,17
75185,17
6511,17
47303,17
77054,17
84321,17
14905,17
97222,17
53142,17
70072,17
98332,17
27889,17
97405,17
81502,17
94574,17
46617,17
98108,17
34376,17
34000,17
96161,17
54290,17
95603,17
29506,17
78411,17
48084,17
17701,17
96793,17
98033,17
40504,17
90502,17
68701,17
53121,17
82001,17
89182,17
84003,16
30303,16
37343,16
91801,16
11432,16
50200,16
79905,16
19063,16
33407,16
38104,16
1317,16
32611,16
24115,16
68845,16
1930,16
71202,16
60608,16
75075,16
79606,16
47130,16
63130,16
1915,16
17176,16
18045,16
71000,16
51109,16
37363,16
54937,16
52402,16
22903,16
90430,16
34125,16
15146,16
70065,16
98022,16
94086,16
32114,16
75014,16
78665,16
69437,16
80933,16
7503,16
40165,16
6790,16
13620,16
54911,16
34239,16
73730,16
75460,16
80054,16
98335,16
24060,16
37126,16
33458,15
46256,15
49519,15
84720,15
12203,15
15301,15
98110,15
51102,15
92501,15
94533,15
24541,15
78745,15
99089,15
78258,15
19047,15
23114,15
32073,15
96706,15
10549,15
76014,15
45504,15
7631,15
75970,15
61636,15
70503,15
35040,15
17403,15
21157,15
45657,15
44024,15
91942,15
98036,15
20814,15
15132,15
28806,15
92612,15
37075,15
62794,15
47150,15
17210,15
94598,15
12808,15
13009,15
66801,15
32503,15
94588,15
79902,15
3203,15
43213,15
53717,15
13419,15
92210,15
10022,15
90017,15
61024,15
17109,15
35340,15
7548,15
60596,15
71105,15
30120,15
90127,14
92705,14
20231,14
49770,14
47802,14
8648,14
13790,14
69361,14
60026,14
40139,14
49829,14
89075,14
69040,14
6473,14
6611,14
9060,14
30901,14
38700,14
32429,14
3909,14
60657,14
60077,14
71101,14
69103,14
99010,14
80337,14
28223,14
75012,14
66604,14
91342,14
34994,14
44906,14
52501,14
7747,14
30045,14
15065,14
78681,14
90069,14
28739,14
2908,14
6830,14
15243,14
33143,14
27302,14
32206,14
94110,14
10305,14
14621,14
67846,14
30008,13
40353,13
79701,13
36688,13
16346,13
74133,13
58013,13
93901,13
37134,13
20815,13
128,13
70808,13
85012,13
46015,13
27609,13
90146,13
92121,13
40002,13
88034,13
59501,13
21224,13
90419,13
76137,13
15025,13
99437,13
60389,13
94117,13
57401,13
90602,13
12002,13
34093,13
47900,13
88100,13
26003,13
67098,13
91767,13
57201,13
21029,13
22100,13
5403,13
92404,13
6477,13
35205,13
49055,13
1608,13
45212,13
75093,13
41101,13
93534,13
37000,13
6824,13
98005,13
61107,13
39104,13
84918,13
15236,13
19460,13
58102,13
2462,13
21133,13
60631,13
28105,13
56068,13
28602,13
33520,13
91031,13
6489,13
94568,13
92008,13
88014,13
35243,13
44129,13
44309,13
42431,13
84107,13
85260,12
6418,12
6606,12
15901,12
15401,12
92118,12
46410,12
28803,12
13005,12
29732,12
18512,12
43212,12
92663,12
42701,12
19124,12
48043,12
78758,12
78000,12
29720,12
7450,12
48446,12
27704,12
19612,12
99504,12
6516,12
72100,12
45004,12
85306,12
90505,12
31403,12
1923,12
75005,12
74245,12
18105,12
44791,12
34652,12
61104,12
53547,12
29200,12
77702,12
97330,12
290,12
23900,12
60202,12
94000,12
23708,12
28922,12
46805,12
92653,12
93049,12
56124,12
80637,12
3820,12
21034,12
81737,12
75020,12
20422,12
32204,12
74104,12
6156,12
22081,12
91328,12
12110,12
14623,12
27215,12
54100,12
94101,12
24273,12
69310,12
1509,12
11219,12
18059,12
30165,12
33155,12
58100,12
48903,12
64460,12
80804,12
24153,11
7014,11
63739,11
23116,11
90020,11
29169,11
63044,11
27261,11
28562,11
48085,11
98597,11
32308,11
64020,11
37209,11
30106,11
95020,11
12180,11
63136,11
35209,11
28150,11
94928,11
18901,11
27612,11
99220,11
17475,11
35661,11
70360,11
42271,11
46168,11
31603,11
8690,11
11215,11
60007,11
34655,11
6904,11
98584,11
48038,11
3801,11
32796,11
10034,11
92025,11
63000,11
15108,11
10601,11
32258,11
63069,11
86000,11
16803,11
43202,11
56429,11
82100,11
69677,11
33461,11
32117,11
43302,11
10010,11
7701,11
85251,11
95969,11
35211,11
94602,11
8028,11
65653,11
50801,11
57124,11
28304,11
76310,11
53127,11
6437,11
67000,11
42551,11
41110,11
78278,11
33521,10
23454,10
67085,10
20080,10
95678,10
55901,10
11530,10
50139,10
17110,10
48824,10
94107,10
75067,10
24016,10
75150,10
20249,10
6080,10
53210,10
89135,10
4001,10
37045,10
46290,10
30041,10
32514,10
25702,10
46017,10
66204,10
28262,10
89014,10
79430,10
70199,10
21075,10
43018,10
98520,10
75674,10
59000,10
54848,10
60625,10
38501,10
71301,10
19605,10
65929,10
19317,10
10025,10
30046,10
86150,10
45177,10
28139,10
33011,10
97301,10
27858,10
60208,10
24128,10
10075,10
26504,10
71106,10
53097,10
53405,10
35016,10
70805,10
31792,10
8080,10
28233,10
30029,10
88212,10
11490,10
98384,10
61602,10
75248,10
79761,10
48670,10
92134,10
48100,10
46016,10
7010,10
22770,10
77056,10
55417,10
23606,10
34098,10
92697,10
1308,10
48377,9
39705,9
37205,9
11796,9
98362,9
91345,9
20560,9
40217,9
7834,9
27614,9
20520,9
1757,9
44903,9
32209,9
61820,9
11212,9
3060,9
2601,9
62100,9
55902,9
18704,9
85304,9
48374,9
95204,9
92346,9
56002,9
936,9
20142,9
80335,9
85015,9
94612,9
25124,9
33611,9
90036,9
33000,9
8270,9
43204,9
32005,9
6760,9
704,9
91730,9
33472,9
95008,9
48322,9
72037,9
73557,9
29009,9
64000,9
85202,9
41063,9
6590,9
36011,9
98111,9
90766,9
55043,9
32174,9
34474,9
18960,9
24073,9
2190,9
18042,9
26505,9
33624,9
85028,9
68100,9
81520,9
79915,9
87505,9
85364,9
16147,9
95670,9
25401,9
84028,9
47713,9
90045,9
23320,9
18508,9
23970,9
77573,9
33133,9
33134,9
77230,9
22033,9
65203,9
23235,9
42303,9
40402,9
92637,9
9113,9
4101,9
33169,9
2135,9
37215,9
19026,9
3022,9
77004,9
49033,9
51014,9
16505,9
76012,9
8096,9
92224,8
98158,8
1015,8
38100,8
50931,8
32701,8
48197,8
55100,8
89509,8
43201,8
28144,8
95128,8
31076,8
8243,8
57010,8
18104,8
79044,8
31217,8
48183,8
30214,8
19090,8
80112,8
9116,8
33170,8
15240,8
63129,8
78157,8
48067,8
75216,8
99352,8
67502,8
53715,8
7101,8
53132,8
22304,8
4107,8
13215,8
45365,8
78207,8
28112,8
80230,8
60123,8
70817,8
19134,8
64114,8
34300,8
66046,8
60160,8
91350,8
91355,8
58502,8
46307,8
47403,8
75237,8
70403,8
44256,8
12534,8
78130,8
5009,8
85027,8
13421,8
98507,8
133,8
8308,8
20832,8
26133,8
98368,8
33600,8
20121,8
97201,8
8755,8
42270,8
35392,8
18547,8
34662,8
10367,8
91361,8
62002,8
29000,8
31602,8
3000,8
90292,8
58452,8
77384,8
11201,8
23249,8
44100,8
918,8
38301,8
75013,8
77042,8
12100,8
54935,8
21601,8
26789,8
1201,8
74605,8
43311,8
73142,8
44892,8
49546,8
18057,8
73071,8
64109,8
75239,8
33756,8
90185,8
1420,8
717,8
33409,8
29379,8
53295,8
85381,8
70126,8
30274,8
34119,8
22793,8
30177,8
98418,8
7728,8
30174,8
19046,8
94503,8
78041,8
42123,8
89519,7
58675,7
26101,7
26330,7
96049,7
24201,7
10967,7
59711,7
92161,7
51375,7
67065,7
909,7
85004,7
27284,7
74078,7
38039,7
28031,7
76275,7
27295,7
60430,7
6132,7
92151,7
11787,7
90822,7
47923,7
48312,7
51056,7
48314,7
32792,7
57000,7
60585,7
20060,7
21740,7
33014,7
98226,7
97223,7
30328,7
53840,7
48346,7
15261,7
11021,7
180,7
91343,7
21100,7
27408,7
6040,7
41345,7
20099,7
85741,7
44857,7
48230,7
53111,7
60020,7
91702,7
50012,7
34390,7
24116,7
8950,7
47630,7
10676,7
44800,7
7675,7
68070,7
35216,7
46825,7
36607,7
16150,7
6726,7
48858,7
77520,7
91750,7
95900,7
28117,7
21093,7
22185,7
50048,7
66113,7
66822,7
10707,7
61037,7
48604,7
75028,7
61114,7
60190,7
79415,7
19114,7
84124,7
48066,7
20902,7
55139,7
50141,7
61122,7
14015,7
20877,7
94121,7
18000,7
6451,7
34303,7
70376,7
33609,7
78412,7
35801,7
94705,7
32177,7
48706,7
75042,7
38133,7
3063,7
76090,7
37240,7
43221,7
40479,7
11080,7
8050,7
85122,7
22015,7
48708,7
38642,7
60525,7
71100,6
80206,6
10449,6
34070,6
64710,6
85721,6
935,6
21614,6
78405,6
95340,6
34744,6
32457,6
85206,6
92056,6
48157,6
44137,6
92020,6
95608,6
22328,6
1107,6
78404,6
22205,6
80638,6
7922,6
63128,6
90262,6
28209,6
6129,6
2421,6
92100,6
21061,6
50005,6
36207,6
44302,6
19087,6
29150,6
46527,6
85025,6
20176,6
90640,6
75679,6
10960,6
52661,6
40022,6
92122,6
8660,6
75019,6
8053,6
1330,6
1702,6
5819,6
8822,6
45500,6
28816,6
4240,6
78212,6
11211,6
52249,6
60402,6
46236,6
43126,6
37024,6
29100,6
32086,6
1890,6
66219,6
67226,6
64100,6
32901,6
29308,6
60805,6
27030,6
2302,6
71640,6
7059,6
31048,6
79601,6
18014,6
92078,6
3802,6
28239,6
13021,6
28232,6
7100,6
33161,6
27708,6
13285,6
1321,6
95815,6
72903,6
95122,6
27713,6
90015,6
11009,6
86156,6
33462,6
20190,6
22003,6
14215,6
76031,6
41253,6
9121,6
76000,6
41820,6
58185,6
40241,6
7120,6
31208,6
38655,6
46037,6
95023,6
77070,6
14169,6
54313,6
65199,6
6591,6
33613,6
30117,6
34102,6
70852,6
33428,6
77802,6
14226,6
14165,6
84082,6
77058,6
66538,6
48121,6
23704,6
61108,6
69115,6
53095,6
32822,6
35235,6
2886,6
1010,6
90022,6
5701,6
27310,6
28500,6
28659,6
32904,6
8873,6
48126,6
2721,6
46815,6
23456,6
91910,6
33907,6
69710,5
92658,5
18081,5
14021,5
165,5
63122,5
33077,5
67655,5
32713,5
19013,5
11235,5
50935,5
14059,5
3833,5
95926,5
8054,5
22191,5
11070,5
20002,5
13015,5
33173,5
91325,5
95100,5
10098,5
40235,5
88015,5
78218,5
22901,5
34890,5
6518,5
73300,5
7901,5
18030,5
80262,5
28625,5
22087,5
77009,5
72753,5
2915,5
43410,5
18510,5
17605,5
19122,5
61231,5
42055,5
97527,5
5004,5
16001,5
76015,5
8221,5
85742,5
44000,5
54636,5
27003,5
13083,5
47714,5
76018,5
72120,5
80217,5
28557,5
2703,5
91204,5
31406,5
912,5
60653,5
28177,5
1844,5
20879,5
29926,5
3053,5
14186,5
33145,5
68161,5
76132,5
32024,5
6700,5
63117,5
1250,5
13502,5
69317,5
60569,5
32763,5
85255,5
29341,5
30130,5
34684,5
33719,5
11718,5
23562,5
93400,5
64060,5
71201,5
11522,5
16105,5
23100,5
33761,5
33716,5
63108,5
43231,5
21941,5
11220,5
4039,5
8534,5
25000,5
11200,5
46063,5
48018,5
78246,5
48013,5
19034,5
16201,5
48108,5
20251,5
48103,5
29600,5
94275,5
92604,5
39759,5
41501,5
28731,5
1101,5
85100,5
11407,5
38305,5
75061,5
95445,5
84000,5
5651,5
29501,5
63090,5
33617,5
15526,5
6052,5
65191,5
40170,5
83704,5
76051,5
24047,5
42002,5
42000,5
27401,5
83310,5
2719,5
89124,5
38017,5
54913,5
22102,5
77845,5
15100,5
30078,5
27701,5
50180,5
95123,5
3039,5
18101,5
30449,5
14029,5
21045,5
19102,5
78209,5
46254,5
28462,5
52246,5
6200,5
14626,5
29440,5
29201,5
49855,5
19355,5
70806,5
43220,5
70839,5
79110,5
89100,5
44200,5
14564,5
2155,5
92288,5
35110,5
44625,5
59075,5
38163,5
39401,5
92110,5
27536,5
36204,5
32216,5
33300,5
28702,5
62500,5
91307,5
15000,5
16121,5
16128,5
44646,5
32778,5
30559,5
27106,5
68848,5
30263,5
2841,5
71032,5
167,5
49000,5
49008,5
48867,5
92117,5
29208,5
41071,5
77060,5
38114,4
21131,4
33012,4
2720,4
34667,4
26301,4
21742,4
90100,4
34223,4
78463,4
6762,4
9042,4
14424,4
43026,4
11422,4
7666,4
81632,4
10310,4
33614,4
2360,4
33016,4
78045,4
9016,4
8304,4
70185,4
21682,4
28053,4
28352,4
22911,4
2169,4
91052,4
75000,4
7724,4
55041,4
24502,4
37064,4
87000,4
36043,4
32250,4
98502,4
22767,4
11209,4
65702,4
28012,4
31134,4
61032,4
60463,4
39100,4
72764,4
48081,4
65000,4
51465,4
32159,4
32955,4
8818,4
75204,4
60062,4
37023,4
60064,4
60702,4
80910,4
40506,4
22030,4
95070,4
155,4
20307,4
2125,4
28644,4
20155,4
21018,4
29118,4
47574,4
84108,4
50586,4
75006,4
14048,4
97517,4
61100,4
77034,4
33065,4
33064,4
78550,4
57001,4
18301,4
46158,4
12351,4
98052,4
40100,4
90210,4
44266,4
41404,4
29577,4
94804,4
92660,4
24100,4
30329,4
81241,4
93000,4
35000,4
20003,4
18925,4
33098,4
33125,4
83000,4
60616,4
29209,4
80132,4
66211,4
35291,4
73112,4
7058,4
78666,4
85040,4
97216,4
37235,4
34236,4
33328,4
77478,4
2920,4
95126,4
2120,4
33156,4
8540,4
29902,4
67100,4
65130,4
20357,4
27577,4
84020,4
24382,4
73117,4
90470,4
41464,4
13440,4
91754,4
56000,4
88214,4
97448,4
40000,4
85297,4
86015,4
40050,4
44033,4
82362,4
74140,4
3310,4
87039,4
21702,4
85308,4
84070,4
74374,4
92350,4
73230,4
20770,4
89511,4
98039,4
78240,4
33124,4
32960,4
84095,4
24457,4
34117,4
959,4
43102,4
37662,4
78028,4
60336,4
60031,4
20774,4
45239,4
53203,4
54000,4
47166,4
54519,4
7754,4
33487,4
68305,4
48431,4
31100,4
36100,4
3100,4
28210,4
46123,4
18537,4
33030,4
77094,4
38901,4
39501,4
91741,4
92627,4
23229,4
85018,4
19146,4
54500,4
54035,4
21244,4
60563,4
90050,4
30005,4
8234,4
71315,4
60487,4
14853,4
10038,4
50701,4
28607,4
63225,4
17011,4
77074,4
33759,4
59063,4
1100,4
71210,4
7939,4
7070,4
65101,4
83404,4
45322,4
30110,4
18501,4
37211,4
7044,4
45067,4
10532,4
33647,4
78050,4
83400,4
10466,4
47804,4
53113,4
39670,4
93102,4
40136,4
97404,4
78596,4
17607,4
99503,4
91324,4
83056,4
59800,4
60121,4
68105,4
54915,4
6850,4
28402,4
3103,4
37604,4
3501,4
1236,4
2138,4
16059,4
13347,3
4980,3
37129,3
44622,3
76008,3
23563,3
9006,3
23561,3
14618,3
60606,3
39213,3
91356,3
31300,3
30909,3
22000,3
30121,3
34461,3
30900,3
37167,3
50080,3
13905,3
39130,3
29524,3
45879,3
33313,3
92806,3
7739,3
78539,3
37917,3
12010,3
33135,3
34691,3
95028,3
10103,3
30134,3
63021,3
25100,3
84902,3
23000,3
26122,3
33709,3
91206,3
19083,3
69600,3
92104,3
79539,3
90807,3
49124,3
25240,3
76133,3
716,3
149,3
84111,3
58128,3
37923,3
98683,3
33332,3
10138,3
6847,3
41061,3
41825,3
4011,3
30324,3
72704,3
55414,3
1841,3
8007,3
8009,3
77550,3
36071,3
37076,3
46208,3
92886,3
24701,3
50677,3
51100,3
79938,3
1127,3
8816,3
49005,3
15701,3
39245,3
90840,3
32774,3
70001,3
59071,3
42283,3
59045,3
61080,3
21227,3
8720,3
16635,3
86001,3
20521,3
93065,3
90029,3
25011,3
10704,3
961,3
2113,3
20211,3
81101,3
1120,3
91344,3
67063,3
6032,3
44460,3
87100,3
4020,3
93463,3
54703,3
62290,3
46383,3
21047,3
80010,3
29011,3
8024,3
34747,3
81100,3
92101,3
81401,3
38103,3
54642,3
37408,3
80002,3
80000,3
33144,3
97309,3
33919,3
92844,3
44670,3
11795,3
76017,3
76011,3
10468,3
93308,3
45249,3
84034,3
38126,3
70000,3
28211,3
77062,3
75181,3
11373,3
78205,3
81545,3
83041,3
97006,3
29910,3
81601,3
22190,3
1742,3
34205,3
60477,3
15208,3
4277,3
38834,3
90220,3
84131,3
18435,3
66100,3
93710,3
17601,3
92140,3
75203,3
76135,3
91710,3
70390,3
33071,3
91360,3
20852,3
43016,3
22290,3
29412,3
36024,3
28911,3
88017,3
7012,3
33511,3
32003,3
2781,3
24000,3
8034,3
15666,3
75082,3
30281,3
74100,3
74101,3
21122,3
30171,3
37055,3
33150,3
14195,3
33441,3
12065,3
917,3
20705,3
78233,3
28220,3
45408,3
85006,3
65025,3
73103,3
85000,3
57252,3
80134,3
54907,3
70119,3
80020,3
18107,3
32605,3
39404,3
2904,3
69655,3
90650,3
46050,3
43952,3
33126,3
35062,3
24071,3
33410,3
60431,3
70200,3
59808,3
13253,3
10050,3
91723,3
38122,3
30384,3
64283,3
12902,3
20742,3
48909,3
56025,3
95655,3
93586,3
11366,3
91405,3
38000,3
12245,3
65189,3
55743,3
90057,3
11777,3
9134,3
8057,3
1960,3
56308,3
12053,3
98165,3
15121,3
45206,3
48059,3
57100,3
91786,3
46268,3
50674,3
1323,3
66424,3
93510,3
45257,3
35019,3
65124,3
72622,3
53266,3
30084,3
62012,3
22399,3
11600,3
6600,3
84405,3
11001,3
4210,3
35213,3
8865,3
7109,3
20127,3
68154,3
22060,3
98125,3
28208,3
833,3
85718,3
37066,3
36526,3
28850,3
54769,3
11803,3
11355,3
32257,3
91436,3
19002,3
42103,3
89202,3
75708,3
15219,3
926,3
56001,3
39601,3
4129,3
48088,3
921,3
20895,3
89201,3
19610,3
27707,3
3755,3
33060,3
45100,3
55904,3
6230,3
78200,3
91522,3
10174,3
45103,3
43230,3
80187,3
46112,3
47402,3
5652,3
22801,3
1009,3
33710,3
12462,3
14467,3
19118,3
37207,3
11312,3
85023,3
71800,3
88996,3
24103,3
23225,3
10027,3
47441,3
78215,3
4266,3
71304,3
80246,3
22763,3
75035,3
6122,3
60131,3
151,3
31021,3
51067,3
7052,3
73116,3
99974,3
33162,3
49506,3
70374,2
60125,2
14627,2
23035,2
71052,2
71004,2
31520,2
38042,2
67090,2
32756,2
66212,2
8820,2
67547,2
6110,2
2117,2
66214,2
68144,2
68516,2
35760,2
92562,2
67207,2
94901,2
34997,2
10533,2
92502,2
30035,2
33070,2
45600,2
63106,2
69009,2
1852,2
6610,2
98145,2
69394,2
60173,2
32127,2
36305,2
10709,2
98229,2
84094,2
38802,2
32751,2
20149,2
70174,2
70176,2
99577,2
41830,2
985,2
52146,2
60053,2
28942,2
56403,2
6062,2
24740,2
16761,2
18574,2
6420,2
33024,2
75050,2
60607,2
26480,2
33025,2
10104,2
91411,2
52336,2
13126,2
34292,2
10924,2
8026,2
2451,2
96450,2
7760,2
41016,2
3766,2
82606,2
10522,2
77089,2
47051,2
11941,2
39576,2
10900,2
75063,2
11100,2
11103,2
89191,2
41000,2
44652,2
85711,2
41260,2
10713,2
10304,2
35015,2
74010,2
27804,2
10719,2
70210,2
44787,2
45659,2
48382,2
81362,2
19901,2
35630,2
30030,2
97124,2
77005,2
77007,2
46980,2
25705,2
20153,2
30310,2
60010,2
46702,2
47012,2
60085,2
80100,2
49074,2
84117,2
18944,2
37160,2
94120,2
35020,2
69400,2
2129,2
35022,2
7444,2
20234,2
92150,2
30905,2
4901,2
41700,2
28358,2
28905,2
69032,2
31203,2
76164,2
30332,2
30331,2
27517,2
22027,2
65211,2
1135,2
28451,2
75100,2
68118,2
20095,2
48235,2
33321,2
45000,2
83280,2
88045,2
44534,2
13000,2
10471,2
11206,2
7646,2
90805,2
48047,2
98668,2
3340,2
8029,2
34362,2
90606,2
2445,2
72115,2
12061,2
85021,2
16602,2
34371,2
19020,2
42080,2
47710,2
20184,2
82152,2
27000,2
27006,2
15323,2
87439,2
66241,2
40620,2
96822,2
60045,2
21225,2
31003,2
35039,2
28612,2
73019,2
78660,2
46530,2
94583,2
19014,2
32935,2
51301,2
50659,2
19446,2
50169,2
12550,2
919,2
65549,2
35037,2
80952,2
910,2
70815,2
91205,2
12401,2
33880,2
13087,2
33027,2
13088,2
77027,2
10512,2
48683,2
92882,2
3186,2
22010,2
78306,2
80209,2
94105,2
21005,2
70840,2
58515,2
21680,2
66000,2
2472,2
50679,2
34500,2
79104,2
83022,2
30460,2
30606,2
28403,2
90449,2
15102,2
40292,2
40201,2
2132,2
19403,2
11576,2
38652,2
29285,2
75062,2
30599,2
37087,2
14140,2
68165,2
58504,2
69337,2
11706,2
48152,2
60089,2
7432,2
75234,2
60528,2
33980,2
97422,2
34208,2
33063,2
89703,2
46143,2
63101,2
63103,2
14609,2
49614,2
90560,2
97231,2
41931,2
94035,2
38401,2
1506,2
31270,2
8970,2
57123,2
44406,2
86169,2
85745,2
51057,2
63310,2
32657,2
19152,2
19401,2
92300,2
15517,2
39108,2
14222,2
42277,2
33146,2
17111,2
11385,2
23321,2
92592,2
28754,2
77843,2
93306,2
77386,2
2881,2
92780,2
68022,2
86120,2
16125,2
11526,2
11525,2
38010,2
96816,2
32801,2
33781,2
91762,2
91761,2
61363,2
30096,2
70031,2
6735,2
78235,2
7608,2
75243,2
1224,2
24211,2
48336,2
8240,2
1133,2
75877,2
67010,2
11065,2
40133,2
70211,2
92617,2
18618,2
2141,2
29424,2
10128,2
78219,2
45040,2
70471,2
98055,2
9037,2
19131,2
46227,2
14450,2
46226,2
62701,2
92114,2
22587,2
10317,2
58260,2
20006,2
97000,2
98012,2
6540,2
6513,2
32814,2
94160,2
2321,2
13008,2
76105,2
42001,2
66111,2
94710,2
83702,2
33804,2
8854,2
51000,2
91056,2
63351,2
90021,2
77303,2
76504,2
15562,2
52001,2
92646,2
92648,2
34121,2
28744,2
27516,2
83045,2
92009,2
6620,2
50000,2
7207,2
86132,2
11023,2
50006,2
37804,2
18055,2
5201,2
38009,2
47500,2
86050,2
21015,2
7733,2
73126,2
15905,2
2006,2
15203,2
75219,2
9130,2
10249,2
33449,2
45276,2
20000,2
84065,2
78213,2
13581,2
8661,2
20008,2
24019,2
77701,2
10028,2
97219,2
70014,2
42070,2
40113,2
68901,2
44320,2
91776,2
95032,2
63303,2
50226,2
4073,2
59494,2
87500,2
98374,2
24004,2
80060,2
90880,2
58104,2
90717,2
14025,2
10018,2
78829,2
97207,2
94025,2
10015,2
22904,2
33166,2
74203,2
90241,2
78201,2
12345,2
14974,2
4509,2
20011,2
37996,2
64320,2
84341,2
4005,2
52000,2
30338,2
20036,2
90716,2
33470,2
22260,2
18454,2
96317,2
77694,2
15206,2
11356,2
14221,2
11365,2
6504,2
10617,2
1223,2
76107,2
0,2
40513,2
83278,2
48145,2
6002,2
46150,2
92374,2
34365,2
45203,2
45170,2
85050,2
86100,2
90712,2
31707,2
1221,2
47408,2
62704,2
90201,2
6090,2
95847,2
56377,2
94469,2
91107,2
41950,2
98043,2
37130,2
97980,2
34135,2
92691,2
85723,2
6097,2
70506,2
43007,2
57085,2
94534,2
22297,2
35223,2
22939,2
92223,2
59385,2
40024,2
40356,2
13011,2
33378,2
21565,2
41380,2
72916,2
75011,2
33414,2
78236,2
30067,2
92200,2
8006,2
70891,2
14050,2
71603,2
13885,2
15755,2
34237,2
28001,2
28002,2
80031,2
35578,2
48101,2
28777,2
65265,2
31302,2
1012,2
30076,2
48195,2
98102,2
4038,2
11883,2
12464,2
29435,2
78613,2
44110,2
13903,2
34340,2
76063,2
95029,2
11557,2
28030,2
20220,2
27509,2
11559,2
14203,2
77339,2
11772,2
4380,2
65428,2
44115,2
60546,2
56007,2
80136,2
85209,2
73102,2
35401,2
5071,2
40489,2
86314,2
78245,2
90501,2
90509,2
81479,2
33437,2
97365,2
44263,2
48158,2
71065,2
33603,2
95357,2
4053,2
99337,2
79038,2
47805,2
33165,2
73240,2
54645,2
34613,2
78640,2
14214,2
97232,2
1545,2
50201,2
12148,2
60115,2
15260,2
57038,2
8227,2
46023,2
70190,2
38701,2
22045,2
725,2
45150,2
8023,2
29644,1
31150,1
77013,1
91731,1
72336,1
12524,1
80923,1
13140,1
92507,1
25704,1
126,1
48507,1
86259,1
23061,1
32034,1
30312,1
32444,1
28703,1
22710,1
60025,1
2818,1
11510,1
15001,1
48076,1
22182,1
28109,1
48071,1
91733,1
34601,1
61103,1
17602,1
93101,1
6776,1
55445,1
8915,1
60309,1
19320,1
55441,1
10153,1
98124,1
34059,1
78350,1
35055,1
88477,1
32606,1
3184,1
34361,1
19105,1
85123,1
55318,1
19100,1
93110,1
39011,1
66101,1
66103,1
29927,1
10577,1
91239,1
80130,1
91941,1
73109,1
66106,1
30380,1
30605,1
75426,1
85755,1
45701,1
53145,1
3016,1
34742,1
52317,1
44620,1
64012,1
91014,1
23642,1
2284,1
47005,1
40212,1
85020,1
48220,1
95474,1
27513,1
29120,1
72189,1
202,1
27004,1
48113,1
34285,1
8301,1
97602,1
94535,1
30363,1
4043,1
92425,1
90540,1
14520,1
9005,1
29423,1
20871,1
4402,1
22415,1
31216,1
27356,1
40211,1
9090,1
34453,1
53511,1
67433,1
34452,1
973,1
6128,1
96015,1
92001,1
28933,1
53228,1
14197,1
333,1
77338,1
34653,1
6123,1
1333,1
95242,1
12851,1
76200,1
28269,1
8736,1
63188,1
92182,1
27909,1
12850,1
10708,1
22713,1
69100,1
69101,1
69104,1
5061,1
95521,1
42791,1
53716,1
47104,1
18951,1
17015,1
98136,1
43615,1
10226,1
65812,1
80523,1
95472,1
45769,1
97056,1
21403,1
37323,1
24641,1
45648,1
41400,1
49443,1
53711,1
20020,1
90265,1
20024,1
10035,1
14850,1
44105,1
39720,1
90126,1
96250,1
33432,1
32789,1
10518,1
49479,1
14049,1
10513,1
38611,1
60693,1
75229,1
41213,1
45403,1
10037,1
85254,1
1501,1
20874,1
10641,1
8001,1
14185,1
53150,1
33406,1
10228,1
33157,1
3050,1
63640,1
38302,1
92324,1
80219,1
15850,1
50973,1
81346,1
36106,1
80836,1
26831,1
85037,1
15106,1
93465,1
94578,1
20636,1
33952,1
21212,1
21210,1
25200,1
98391,1
97901,1
20706,1
4416,1
983,1
50024,1
45180,1
35056,1
65806,1
92866,1
45417,1
31906,1
2301,1
48703,1
46506,1
83340,1
47906,1
34321,1
45631,1
6008,1
40128,1
48205,1
55305,1
40124,1
51003,1
90604,1
44185,1
98382,1
22527,1
53713,1
57645,1
92367,1
54643,1
51124,1
69210,1
84148,1
38134,1
28277,1
37862,1
18031,1
88009,1
8730,1
8501,1
40126,1
56261,1
10031,1
47908,1
32135,1
30307,1
19023,1
90619,1
77025,1
33149,1
48796,1
78224,1
27920,1
99817,1
52662,1
93301,1
90281,1
10033,1
34982,1
70114,1
78253,1
94114,1
94102,1
31655,1
19024,1
93003,1
39800,1
10250,1
94109,1
60448,1
30140,1
83087,1
21080,1
20740,1
94103,1
70117,1
19027,1
68164,1
30141,1
86179,1
68802,1
72488,1
72110,1
13585,1
72701,1
73657,1
46280,1
62300,1
22203,1
85024,1
55113,1
47179,1
55118,1
91208,1
75904,1
26204,1
6851,1
25020,1
94085,1
73479,1
87541,1
50603,1
65100,1
2144,1
2134,1
13589,1
72707,1
57164,1
27615,1
4739,1
1209,1
3035,1
96815,1
1200,1
60652,1
47392,1
50098,1
27617,1
21209,1
31108,1
31238,1
33104,1
90755,1
7981,1
33102,1
20782,1
48227,1
7768,1
14001,1
97403,1
53117,1
92903,1
72756,1
75018,1
24534,1
29681,1
20201,1
91763,1
19702,1
32223,1
18003,1
33803,1
77980,1
49202,1
98103,1
95109,1
35894,1
1380,1
40822,1
41823,1
80802,1
95107,1
95438,1
14471,1
2179,1
97329,1
75007,1
44120,1
37100,1
80810,1
33183,1
77508,1
55430,1
11572,1
37072,1
82008,1
89086,1
4024,1
31088,1
92083,1
77505,1
92081,1
22271,1
55411,1
15258,1
2096,1
25801,1
7932,1
61606,1
7604,1
2895,1
92880,1
22013,1
39232,1
53548,1
44601,1
75004,1
65117,1
44299,1
92626,1
17002,1
11768,1
97410,1
45061,1
20744,1
11714,1
52132,1
17036,1
46342,1
98321,1
85205,1
46163,1
60004,1
85208,1
54914,1
84120,1
84121,1
78728,1
674,1
5001,1
5007,1
48159,1
10280,1
97331,1
33317,1
34698,1
35768,1
6119,1
11548,1
31804,1
2106,1
95959,1
34349,1
94550,1
82445,1
95125,1
8837,1
77055,1
8536,1
4032,1
97159,1
56127,1
17489,1
39215,1
99999,1
75024,1
14561,1
21021,1
7410,1
44600,1
40515,1
39402,1
10567,1
6886,1
70801,1
31275,1
99027,1
30853,1
78401,1
13014,1
33634,1
33505,1
29325,1
12800,1
20707,1
90147,1
4029,1
32082,1
3042,1
12553,1
8017,1
99734,1
37175,1
4023,1
93722,1
48913,1
91024,1
86002,1
26126,1
45440,1
97756,1
32401,1
55408,1
55409,1
15241,1
4357,1
33175,1
21239,1
68178,1
6720,1
54219,1
30059,1
28492,1
98027,1
59073,1
78303,1
7639,1
14624,1
14625,1
47023,1
7869,1
6846,1
20005,1
5042,1
28561,1
16321,1
96008,1
94315,1
98115,1
98373,1
60527,1
4860,1
65691,1
90801,1
15211,1
98922,1
11746,1
6536,1
92373,1
44649,1
23112,1
55418,1
21014,1
69469,1
36312,1
50002,1
84109,1
21053,1
21052,1
59169,1
60930,1
1752,1
7400,1
10013,1
57102,1
22649,1
75743,1
39291,1
11562,1
6134,1
98194,1
28645,1
97134,1
21230,1
22024,1
22020,1
25006,1
46151,1
77035,1
26222,1
77031,1
90232,1
97133,1
84102,1
45468,1
19044,1
6112,1
95192,1
13073,1
44119,1
91501,1
63263,1
46111,1
78464,1
44223,1
40110,1
44160,1
35010,1
18091,1
2726,1
24015,1
20270,1
32836,1
16247,1
91042,1
10240,1
10243,1
20551,1
3750,1
44094,1
10504,1
10502,1
10509,1
38108,1
93701,1
93703,1
75213,1
35702,1
91019,1
34470,1
15963,1
98123,1
20097,1
75070,1
91708,1
91506,1
21013,1
91705,1
60467,1
60461,1
34381,1
2840,1
1830,1
58656,1
70130,1
41075,1
35922,1
8512,1
51108,1
55425,1
2002,1
25250,1
21228,1
16508,1
16507,1
69121,1
46140,1
68169,1
802,1
6905,1
44650,1
44651,1
36830,1
53721,1
92027,1
97035,1
80708,1
35516,1
70123,1
70122,1
30202,1
37090,1
97208,1
20081,1
1610,1
45626,1
73401,1
9286,1
20737,1
33625,1
54292,1
33334,1
75104,1
60706,1
2912,1
2007,1
84118,1
84116,1
48224,1
84115,1
10001,1
7649,1
10005,1
10004,1
21285,1
5030,1
24096,1
44789,1
53123,1
90108,1
9045,1
55108,1
15220,1
30123,1
91700,1
95116,1
95115,1
28359,1
20237,1
4000,1
176,1
45248,1
8742,1
24061,1
20012,1
33610,1
33615,1
72712,1
35144,1
77566,1
37150,1
8046,1
55106,1
55104,1
97180,1
10014,1
30122,1
47201,1
71111,1
94558,1
58202,1
58203,1
15221,1
21423,1
24148,1
67905,1
32405,1
15011,1
11521,1
23566,1
52727,1
71118,1
91914,1
50968,1
10115,1
41685,1
40950,1
38117,1
29803,1
8063,1
18012,1
40220,1
72211,1
38049,1
35061,1
94034,1
33467,1
20301,1
91007,1
8100,1
1170,1
14127,1
37601,1
27511,1
90010,1
90013,1
47591,1
89073,1
63450,1
89070,1
86633,1
59806,1
38408,1
42075,1
46036,1
28056,1
80237,1
74158,1
60100,1
60103,1
91171,1
63100,1
89044,1
80906,1
37922,1
60500,1
18288,1
29485,1
48034,1
45071,1
79416,1
8109,1
98901,1
67003,1
5446,1
20401,1
70384,1
37069,1
33765,1
71203,1
34672,1
36520,1
36039,1
13100,1
3570,1
33067,1
17207,1
48323,1
95326,1
66278,1
158,1
23185,1
23452,1
22451,1
95857,1
50589,1
6907,1
28943,1
89521,1
15063,1
15060,1
8859,1
23188,1
77396,1
60108,1
7726,1
65009,1
34592,1
50100,1
31501,1
32773,1
92112,1
10149,1
22417,1
22147,1
91790,1
92808,1
23455,1
46100,1
23985,1
76005,1
45221,1
64711,1
10956,1
69546,1
44915,1
93422,1
55910,1
10314,1
45226,1
48823,1
74800,1
97098,1
77084,1
92668,1
31053,1
91351,1
39119,1
95819,1
95818,1
35025,1
39110,1
51090,1
34214,1
92260,1
31130,1
32547,1
76140,1
60647,1
60645,1
75088,1
27999,1
92141,1
79239,1
90007,1
19468,1
90004,1
78922,1
97209,1
60220,1
88310,1
12120,1
33757,1
93143,1
97200,1
75032,1
23289,1
10210,1
94027,1
94026,1
22906,1
59240,1
80203,1
92395,1
51074,1
76178,1
34202,1
26655,1
50312,1
3104,1
34209,1
92543,1
76710,1
28560,1
80227,1
17606,1
30349,1
44333,1
29063,1
48092,1
10099,1
28045,1
49414,1
7352,1
53234,1
83582,1
90043,1
34984,1
54007,1
19123,1
99309,1
48960,1
10901,1
91326,1
95460,1
53045,1
98208,1
46212,1
46320,1
20219,1
8012,1
55413,1
28202,1
20125,1
22902,1
78501,1
32700,1
9180,1
34429,1
9030,1
22039,1
157,1
91304,1
7083,1
15478,1
7081,1
55906,1
33914,1
37206,1
46483,1
6400,1
52482,1
6405,1
4026,1
1003,1
99207,1
77450,1
99201,1
22083,1
81621,1
85323,1
81337,1
82335,1
61283,1
88586,1
75323,1
64501,1
11031,1
36200,1
36202,1
60130,1
97367,1
43123,1
91791,1
91792,1
69347,1
85374,1
968,1
36617,1
73190,1
6460,1
1701,1
48603,1
26102,1
32205,1
76158,1
8070,1
74175,1
97758,1
35404,1
69004,1
46011,1
90063,1
93407,1
96160,1
56017,1
32750,1
11408,1
11402,1
88108,1
94270,1
966,1
80430,1
49076,1
22314,1
80922,1
91101,1
91100,1
37901,1
19444,1
34748,1
4207,1
92203,1
54702,1
34741,1
13003,1
11129,1
10110,1
11580,1
4200,1
90032,1
34689,1
70501,1
70508,1
7731,1
85159,1
22310,1
66025,1
98802,1
31210,1
95821,1
18100,1
10457,1
10456,1
10459,1
28971,1
10100,1
92130,1
32400,1
82126,1
9200,1
60601,1
55406,1
11850,1
68150,1
13901,1
33744,1
13900,1
72012,1
60311,1
54044,1
37915,1
28036,1
179,1
3426,1
3600,1
10451,1
10453,1
95831,1
73506,1
92829,1
49015,1
13760,1
49016,1
80240,1
23434,1
77401,1
92064,1
33431,1
48375,1
22306,1
22300,1
22947,1
1770,1
8831,1
19053,1
50124,1
50125,1
1970,1
41010,1
92309,1
41012,1
23079,1
55095,1
48179,1
79062,1
45032,1
84088,1
80090,1
44121,1
55121,1
49241,1
38440,1
97220,1
67212,1
92703,1
45201,1
90980,1
19178,1
52064,1
45030,1
41256,1
45225,1
20161,1
74135,1
2370,1
10463,1
54331,1
35085,1
114,1
52062,1
85351,1
18020,1
42084,1
6295,1
17554,1
40291,1
29016,1
43138,1
15642,1
44313,1
40615,1
21117,1
3150,1
40032,1
8638,1
52057,1
5800,1
4530,1
80915,1
4538,1
87016,1
91016,1
37931,1
60148,1
85105,1
37932,1
10124,1
52066,1
30548,1
83221,1
29020,1
66622,1
30047,1
4704,1
3431,1
35185,1
28023,1
76544,1
28029,1
78509,1
76054,1
8181,1
34231,1
60559,1
28000,1
45501,1
83003,1
17543,1
40351,1
44501,1
50096,1
76299,1
28166,1
60618,1
91340,1
30068,1
37614,1
74132,1
83209,1
95615,1
92307,1
69288,1
1067,1
12549,1
93093,1
60015,1
77099,1
37073,1
77095,1
19406,1
95401,1
22332,1
39502,1
8844,1
50135,1
6667,1
34769,1
40001,1
35360,1
40003,1
34761,1
72917,1
78712,1
35152,1
76092,1
13055,1
36116,1
99096,1
49424,1
67550,1
6273,1
42101,1
3810,1
72204,1
4636,1
9119,1
41126,1
52763,1
38015,1
98604,1
23006,1
85289,1
83177,1
2879,1
100,1
66206,1
21152,1
85283,1
1207,1
48187,1
33425,1
79745,1
37670,1
30990,1
17815,1
16499,1
26001,1
4122,1
27853,1
4121,1
4125,1
3784,1
1000,1
78744,1
44272,1
1090,1
38018,1
90245,1
9080,1
79034,1
15122,1
15123,1
53413,1
11791,1
70605,1
59804,1
2139,1
94911,1
98057,1
98058,1
97058,1
7050,1
11788,1
32720,1
3221,1
30062,1
27709,1
27702,1
1911,1
83709,1
75399,1
27205,1
83701,1
78739,1
77494,1
49509,1
37202,1
49505,1
80129,1
69003,1
14604,1
45428,1
80128,1
54750,1
62222,1
62200,1
94586,1
73035,1
80123,1
50981,1
31054,1
74110,1
27127,1
13416,1
95864,1
10990,1
2062,1
75402,1
74072,1
73008,1
65197,1
77071,1
19341,1
60329,1
60321,1
61001,1
19003,1
60320,1
92625,1
89125,1
8523,1
44405,1
2110,1
13617,1
3659,1
2453,1
50143,1
78249,1
8650,1
49456,1
77065,1
81541,1
81540,1
49450,1
58095,1
97100,1
14068,1
94116,1
32916,1
55239,1
46800,1
32049,1
80530,1
46220,1
84015,1
84014,1
11790,1
1406,1
84017,1
84016,1
90503,1
73039,1
33436,1
48509,1
20090,1
78757,1
34195,1
36500,1
35601,1
77504,1
91744,1
7030,1
39157,1
28097,1
27510,1
119,1
1083,1
36606,1
78025,1
14201,1
23233,1
14225,1
33026,1
34394,1
12901,1
87420,1
79913,1
12909,1
27959,1
77654,1
27711,1
72410,1
61901,1
60313,1
16100,1
10530,1
16101,1
77092,1
83800,1
50041,1
33713,1
90762,1
90145,1
92345,1
20502,1
43233,1
45291,1
20115,1
66215,1
34619,1
7500,1
73110,1
98617,1
2459,1
15033,1
27719,1
79182,1
25403,1
2095,1
94306,1
61800,1
90260,1
70029,1
80639,1
64040,1
41944,1
45431,1
32129,1
75654,1
13092,1
98410,1
98045,1
26195,1
10350,1
49372,1
48104,1
94124,1
92357,1
38555,1
31826,1
8701,1
43017,1
56301,1
14260,1
14267,1
58304,1
85048,1
30300,1
97305,1
12131,1
46311,1
57208,1
97214,1
16802,1
90255,1
70013,1
90250,1
58002,1
64297,1
97044,1
73044,1
64190,1
60439,1
98072,1
80215,1
46013,1
11629,1
2780,1
20824,1
58220,1
25125,1
90078,1
2210,1
69076,1
49044,1
33996,1
34899,1
29576,1
29579,1
8406,1
1812,1
19012,1
93150,1
99438,1
65020,1
23505,1
79602,1
30306,1
8002,1
84062,1
1427,1
60654,1
36010,1
60659,1
33445,1
10407,1
25524,1
49048,1
75935,1
7524,1
73011,1
2914,1
13110,1
37099,1
18519,1
15143,1
3202,1
53704,1
34275,1
6615,1
19147,1
54706,1
80756,1
67215,1
24125,1
33913,1
33912,1
18337,1
50703,1
20310,1
5850,1
94930,1
95303,1
95301,1
95300,1
95305,1
77375,1
33770,1
19144,1
46600,1
19899,1
32790,1
21339,1
75115,1
32795,1
22977,1
10970,1
15505,1
41330,1
19143,1
48241,1
92318,1
50070,1
27519,1
48021,1
11370,1
44016,1
61547,1
11379,1
13723,1
53842,1
9750,1
17019,1
73013,1
50406,1
28504,1
57076,1
75271,1
36002,1
14780,1
20650,1
4112,1
99085,1
41500,1
90067,1
84505,1
33782,1
57077,1
85295,1
95482,1
48019,1
82550,1
76600,1
52245,1
2333,1
13122,1
64106,1
37081,1
55122,1
24939,1
33708,1
64046,1
4571,1
18204,1
44139,1
14269,1
30188,1
97501,1
58715,1
94132,1
94134,1
66346,1
70736,1
52556,1
95404,1
60429,1
95758,1
60422,1
60425,1
68024,1
68025,1
48129,1
8010,1
53205,1
90153,1
44685,1
98424,1
21327,1
71220,1
44623,1
10026,1
30659,1
23284,1
29603,1
66218,1
22559,1
7202,1
52126,1
16816,1
59702,1
28075,1
67203,1
30305,1
67200,1
34286,1
23215,1
34096,1
2199,1
23219,1
26508,1
18150,1
99074,1
39261,1
48080,1
31110,1
15904,1
28226,1
10041,1
59187,1
95258,1
25606,1
39531,1
31785,1
59504,1
31703,1
10989,1
90053,1
91406,1
6001,1
1099,1
91403,1
53119,1
56216,1
32671,1
19173,1
37885,1
54622,1
10042,1
11229,1
54629,1
6269,1
6484,1
2990,1
46005,1
